{"x": 11.50039277297722, "y": 88.49960722702278}